<?xml version="1.0" encoding="UTF-8"?>
<jndiConfig xmlns="http://wsrf.globus.org/jndi/config">
  <service name="cagrid/ProtExpressGridService">
    <resource name="configuration" type="gov.nih.nci.cagrid.protexpress.service.globus.resource.ProtExpressGridServiceResourceConfiguration">
      <resourceParams>
        <parameter>
          <name>factory</name>
          <value>org.globus.wsrf.jndi.BeanFactory</value>
        </parameter>
        <parameter>
          <name>performRegistration</name>
          <!-- Set this to false to skip ServiceGroup registration -->
          <value>true</value>
        </parameter>
        <parameter>
          <name>registrationTemplateFile</name>
          <!-- Set this to the relative path (from the container root, e.g GLOBUS_LOCATION for globus container) of the registration parameters template file (ignored if performRegistration is false) -->
          <value>etc/cagrid_ProtExpressGridService/ProtExpressGridService_registration.xml</value>
        </parameter>
        <parameter>
          <name>domainModelFile</name>
          <!-- Set this to the relative path (from the container root, e.g GLOBUS_LOCATION for globus container) of the domainModel extract -->
          <value>etc/cagrid_ProtExpressGridService/domainModel.xml</value>
        </parameter>
        <parameter>
          <name>serviceMetadataFile</name>
          <!-- Set this to the relative path (from the container root, e.g GLOBUS_LOCATION for globus container) of the serviceMetadata extract -->
          <value>etc/cagrid_ProtExpressGridService/serviceMetadata.xml</value>
        </parameter>
      </resourceParams>
    </resource>
    <resource name="serviceconfiguration" type="gov.nih.nci.cagrid.protexpress.service.ProtExpressGridServiceConfiguration">
      <resourceParams>
        <parameter>
          <name>factory</name>
          <value>org.globus.wsrf.jndi.BeanFactory</value>
        </parameter>
        <parameter>
          <name>etcDirectoryPath</name>
          <value>etc/cagrid_ProtExpressGridService</value>
        </parameter>
        <parameter>
          <name>queryProcessorClass</name>
          <value>gov.nih.nci.cagrid.sdkquery4.processor.SDK4QueryProcessor</value>
        </parameter>
        <parameter>
          <name>sdk4Style_beansJarFileName</name>
          <value>ProtExpressGridApp-beans.jar</value>
        </parameter>
        <parameter>
          <name>cqlQueryProcessorConfig_applicationName</name>
          <value>ProtExpressGridApp</value>
        </parameter>
        <parameter>
          <name>cqlQueryProcessorConfig_queryCaseInsensitive</name>
          <value>false</value>
        </parameter>
        <parameter>
          <name>cqlQueryProcessorConfig_useLocalApiFlag</name>
          <value>false</value>
        </parameter>
        <parameter>
          <name>cqlQueryProcessorConfig_ormJarName</name>
          <value></value>
        </parameter>
        <parameter>
          <name>cqlQueryProcessorConfig_applicationHostName</name>
          <value>http://localhost</value>
        </parameter>
        <parameter>
          <name>cqlQueryProcessorConfig_applicationHostPort</name>
          <value>28080</value>
        </parameter>
        <parameter>
          <name>cqlQueryProcessorConfig_useServiceLogin</name>
          <value>false</value>
        </parameter>
        <parameter>
          <name>cqlQueryProcessorConfig_useGridIdentityLogin</name>
          <value></value>
        </parameter>
        <parameter>
          <name>cqlQueryProcessorConfig_staticLoginUsername</name>
          <value></value>
        </parameter>
        <parameter>
          <name>cqlQueryProcessorConfig_staticLoginPassword</name>
          <value></value>
        </parameter>
        <parameter>
          <name>serverConfigLocation</name>
          <value>etc/cagrid_ProtExpressGridService/server-config.wsdd</value>
        </parameter>
        <parameter>
          <name>dataService_cqlValidatorClass</name>
          <value>gov.nih.nci.cagrid.data.cql.validation.ObjectWalkingCQLValidator</value>
        </parameter>
        <parameter>
          <name>dataService_domainModelValidatorClass</name>
          <value>gov.nih.nci.cagrid.data.cql.validation.DomainModelValidator</value>
        </parameter>
        <parameter>
          <name>dataService_validateCqlFlag</name>
          <value>false</value>
        </parameter>
        <parameter>
          <name>dataService_validateDomainModelFlag</name>
          <value>false</value>
        </parameter>
        <parameter>
          <name>dataService_classMappingsFilename</name>
          <value>etc/cagrid_ProtExpressGridService/classToQname.xml</value>
        </parameter>
        <parameter>
          <name>cqlQueryProcessorConfig_domainTypesInfoFilename</name>
          <value>etc/cagrid_ProtExpressGridService/ProtExpressGridApp-domainTypesInformation.xml</value>
        </parameter>
      </resourceParams>
    </resource>
    <resource name="home" type="gov.nih.nci.cagrid.protexpress.service.globus.resource.ProtExpressGridServiceResourceHome">
      <resourceParams>
        <parameter>
          <name>factory</name>
          <value>org.globus.wsrf.jndi.BeanFactory</value>
        </parameter>
      </resourceParams>
    </resource>
  </service>
</jndiConfig>

