<File name="ProtExpressGridService.xmi">
  <Package name="Classes">
    <Class name="ExperimentRun">
      <Attribute name="lastModifiedDate">
        <ValidationError>Attribute ExperimentRun:lastModifiedDate has the same concept mapping as Attribute ExperimentRun:creationDate</ValidationError>
      </Attribute>
    </Class>
    <Class name="Experiment">
      <Attribute name="lastModifiedDate">
        <ValidationError>Attribute Experiment:lastModifiedDate has the same concept mapping as Attribute Experiment:datePerformed</ValidationError>
      </Attribute>
    </Class>
  </Package>
  <Package name="Classes">
    <Class name="Protocol">
      <Attribute name="lastModifiedDate">
        <ValidationError>Attribute Protocol:lastModifiedDate has the same concept mapping as Attribute Protocol:creationDate</ValidationError>
      </Attribute>
    </Class>
    <Class name="ProtocolApplication">
      <Attribute name="notes">
        <ValidationError>Attribute ProtocolApplication:notes has the same concept mapping as Attribute ProtocolApplication:comments</ValidationError>
      </Attribute>
    </Class>
  </Package>
  <Package name="Associations">
    <Association name="inputs(0..*)::inputToProtocolApplication(0..1)">
      <ValidationWarning>Class gov.nih.nci.protexpress.domain.protocol.InputOutputObject has more than one association with Class gov.nih.nci.protexpress.domain.protocol.ProtocolApplication. Please consider adding semantics to these associations.</ValidationWarning>
    </Association>
    <Association name="outputs(0..*)::outputOfProtocolApplication(0..1)">
      <ValidationWarning>Class gov.nih.nci.protexpress.domain.protocol.InputOutputObject has more than one association with Class gov.nih.nci.protexpress.domain.protocol.ProtocolApplication. Please consider adding semantics to these associations.</ValidationWarning>
    </Association>
  </Package>
</File>